RegionID,RegionName,State,month_date_yyyymm,zori,zori_mm,zori_yy,Metro
262,Ohio County,WV,202210,793.74,,,"Wheeling, WV-OH"
262,Ohio County,WV,202211,784.48,-0.0117,,"Wheeling, WV-OH"
262,Ohio County,WV,202212,796.93,0.0159,,"Wheeling, WV-OH"
262,Ohio County,WV,202301,802.97,0.0076,,"Wheeling, WV-OH"
262,Ohio County,WV,202302,821.73,0.0234,,"Wheeling, WV-OH"
262,Ohio County,WV,202303,815.61,-0.0074,,"Wheeling, WV-OH"
262,Ohio County,WV,202304,833.83,0.0223,,"Wheeling, WV-OH"
262,Ohio County,WV,202305,832.41,-0.0017,,"Wheeling, WV-OH"
262,Ohio County,WV,202306,850.89,0.0222,,"Wheeling, WV-OH"
262,Ohio County,WV,202307,862.25,0.0134,,"Wheeling, WV-OH"
262,Ohio County,WV,202308,863.69,0.0017,,"Wheeling, WV-OH"
262,Ohio County,WV,202309,849.59,-0.0163,,"Wheeling, WV-OH"
262,Ohio County,WV,202310,825.14,-0.0288,0.0396,"Wheeling, WV-OH"
262,Ohio County,WV,202311,833.61,0.0103,0.0626,"Wheeling, WV-OH"
262,Ohio County,WV,202312,844.75,0.0134,0.06,"Wheeling, WV-OH"
262,Ohio County,WV,202401,864.4,0.0233,0.0765,"Wheeling, WV-OH"
262,Ohio County,WV,202402,867.96,0.0041,0.0563,"Wheeling, WV-OH"
262,Ohio County,WV,202403,865.53,-0.0028,0.0612,"Wheeling, WV-OH"
262,Ohio County,WV,202404,873.16,0.0088,0.0472,"Wheeling, WV-OH"
262,Ohio County,WV,202405,869.67,-0.004,0.0448,"Wheeling, WV-OH"
262,Ohio County,WV,202406,882.48,0.0147,0.0371,"Wheeling, WV-OH"
262,Ohio County,WV,202407,875.39,-0.008,0.0152,"Wheeling, WV-OH"
262,Ohio County,WV,202408,884.04,0.0099,0.0236,"Wheeling, WV-OH"
262,Ohio County,WV,202409,880.2,-0.0044,0.036,"Wheeling, WV-OH"
262,Ohio County,WV,202410,881.21,0.0011,0.0679,"Wheeling, WV-OH"
262,Ohio County,WV,202411,887.98,0.0077,0.0652,"Wheeling, WV-OH"
262,Ohio County,WV,202412,898.41,0.0117,0.0635,"Wheeling, WV-OH"
262,Ohio County,WV,202501,906.81,0.0094,0.0491,"Wheeling, WV-OH"
262,Ohio County,WV,202502,910.85,0.0045,0.0494,"Wheeling, WV-OH"
262,Ohio County,WV,202503,900.3,-0.0116,0.0402,"Wheeling, WV-OH"
262,Ohio County,WV,202504,902.57,0.0025,0.0337,"Wheeling, WV-OH"
262,Ohio County,WV,202505,905.42,0.0032,0.0411,"Wheeling, WV-OH"
262,Ohio County,WV,202506,911.84,0.0071,0.0333,"Wheeling, WV-OH"
262,Ohio County,WV,202507,917.2,0.0059,0.0478,"Wheeling, WV-OH"
262,Ohio County,WV,202508,922.41,0.0057,0.0434,"Wheeling, WV-OH"
262,Ohio County,WV,202509,936.42,0.0152,0.0639,"Wheeling, WV-OH"
262,Ohio County,WV,202510,932.11,-0.0046,0.0578,"Wheeling, WV-OH"
262,Ohio County,WV,202511,944.8,0.0136,0.064,"Wheeling, WV-OH"
262,Ohio County,WV,202512,946.2,0.0015,0.0532,"Wheeling, WV-OH"
262,Ohio County,WV,202601,956.75,0.0111,0.0551,"Wheeling, WV-OH"
338,Wood County,WV,202303,826.14,,,"Parkersburg-Vienna, WV"
338,Wood County,WV,202304,810.26,-0.0192,,"Parkersburg-Vienna, WV"
338,Wood County,WV,202305,820.03,0.0121,,"Parkersburg-Vienna, WV"
338,Wood County,WV,202306,825.74,0.007,,"Parkersburg-Vienna, WV"
338,Wood County,WV,202307,838.78,0.0158,,"Parkersburg-Vienna, WV"
338,Wood County,WV,202308,838.95,0.0002,,"Parkersburg-Vienna, WV"
338,Wood County,WV,202309,841.46,0.003,,"Parkersburg-Vienna, WV"
338,Wood County,WV,202310,837.89,-0.0042,,"Parkersburg-Vienna, WV"
338,Wood County,WV,202311,844.27,0.0076,,"Parkersburg-Vienna, WV"
338,Wood County,WV,202312,851.05,0.008,,"Parkersburg-Vienna, WV"
338,Wood County,WV,202401,865.74,0.0173,,"Parkersburg-Vienna, WV"
338,Wood County,WV,202402,868.02,0.0026,,"Parkersburg-Vienna, WV"
338,Wood County,WV,202403,874.15,0.0071,0.0581,"Parkersburg-Vienna, WV"
338,Wood County,WV,202404,877.47,0.0038,0.083,"Parkersburg-Vienna, WV"
338,Wood County,WV,202405,868.82,-0.0099,0.0595,"Parkersburg-Vienna, WV"
338,Wood County,WV,202406,867.01,-0.0021,0.05,"Parkersburg-Vienna, WV"
338,Wood County,WV,202407,856.75,-0.0118,0.0214,"Parkersburg-Vienna, WV"
338,Wood County,WV,202408,864.42,0.0089,0.0304,"Parkersburg-Vienna, WV"
338,Wood County,WV,202409,868.49,0.0047,0.0321,"Parkersburg-Vienna, WV"
338,Wood County,WV,202410,885.89,0.02,0.0573,"Parkersburg-Vienna, WV"
338,Wood County,WV,202411,900.45,0.0164,0.0665,"Parkersburg-Vienna, WV"
338,Wood County,WV,202412,901.85,0.0016,0.0597,"Parkersburg-Vienna, WV"
338,Wood County,WV,202501,909.42,0.0084,0.0505,"Parkersburg-Vienna, WV"
338,Wood County,WV,202502,914.6,0.0057,0.0537,"Parkersburg-Vienna, WV"
338,Wood County,WV,202503,921.5,0.0075,0.0542,"Parkersburg-Vienna, WV"
338,Wood County,WV,202504,937.22,0.0171,0.0681,"Parkersburg-Vienna, WV"
338,Wood County,WV,202505,934.07,-0.0034,0.0751,"Parkersburg-Vienna, WV"
338,Wood County,WV,202506,960.04,0.0278,0.1073,"Parkersburg-Vienna, WV"
338,Wood County,WV,202507,941.89,-0.0189,0.0994,"Parkersburg-Vienna, WV"
338,Wood County,WV,202508,944.93,0.0032,0.0931,"Parkersburg-Vienna, WV"
338,Wood County,WV,202509,925.22,-0.0209,0.0653,"Parkersburg-Vienna, WV"
338,Wood County,WV,202510,939.49,0.0154,0.0605,"Parkersburg-Vienna, WV"
338,Wood County,WV,202511,945.44,0.0063,0.05,"Parkersburg-Vienna, WV"
338,Wood County,WV,202512,938.66,-0.0072,0.0408,"Parkersburg-Vienna, WV"
338,Wood County,WV,202601,937.92,-0.0008,0.0313,"Parkersburg-Vienna, WV"
892,Brooke County,WV,202601,834.5,,,"Weirton-Steubenville, WV-OH"
906,Cabell County,WV,201701,684.92,,,"Huntington-Ashland, WV-KY-OH"
906,Cabell County,WV,201702,690.91,0.0087,,"Huntington-Ashland, WV-KY-OH"
906,Cabell County,WV,201703,695.35,0.0064,,"Huntington-Ashland, WV-KY-OH"
906,Cabell County,WV,201704,691.0,-0.0063,,"Huntington-Ashland, WV-KY-OH"
906,Cabell County,WV,201705,692.48,0.0021,,"Huntington-Ashland, WV-KY-OH"
906,Cabell County,WV,201706,687.88,-0.0066,,"Huntington-Ashland, WV-KY-OH"
906,Cabell County,WV,201707,693.62,0.0083,,"Huntington-Ashland, WV-KY-OH"
906,Cabell County,WV,201708,694.59,0.0014,,"Huntington-Ashland, WV-KY-OH"
906,Cabell County,WV,201709,683.14,-0.0165,,"Huntington-Ashland, WV-KY-OH"
906,Cabell County,WV,201710,685.3,0.0032,,"Huntington-Ashland, WV-KY-OH"
906,Cabell County,WV,201711,691.54,0.0091,,"Huntington-Ashland, WV-KY-OH"
906,Cabell County,WV,201712,706.31,0.0214,,"Huntington-Ashland, WV-KY-OH"
906,Cabell County,WV,201801,713.87,0.0107,0.0423,"Huntington-Ashland, WV-KY-OH"
906,Cabell County,WV,201802,714.05,0.0003,0.0335,"Huntington-Ashland, WV-KY-OH"
906,Cabell County,WV,201803,710.9,-0.0044,0.0224,"Huntington-Ashland, WV-KY-OH"
906,Cabell County,WV,201804,712.62,0.0024,0.0313,"Huntington-Ashland, WV-KY-OH"
906,Cabell County,WV,201805,703.96,-0.0121,0.0166,"Huntington-Ashland, WV-KY-OH"
906,Cabell County,WV,201806,706.39,0.0034,0.0269,"Huntington-Ashland, WV-KY-OH"
906,Cabell County,WV,201807,701.12,-0.0075,0.0108,"Huntington-Ashland, WV-KY-OH"
906,Cabell County,WV,201808,710.23,0.013,0.0225,"Huntington-Ashland, WV-KY-OH"
906,Cabell County,WV,201809,709.85,-0.0005,0.0391,"Huntington-Ashland, WV-KY-OH"
906,Cabell County,WV,201810,699.56,-0.0145,0.0208,"Huntington-Ashland, WV-KY-OH"
906,Cabell County,WV,201811,707.37,0.0112,0.0229,"Huntington-Ashland, WV-KY-OH"
906,Cabell County,WV,201812,721.8,0.0204,0.0219,"Huntington-Ashland, WV-KY-OH"
906,Cabell County,WV,201901,740.53,0.026,0.0373,"Huntington-Ashland, WV-KY-OH"
906,Cabell County,WV,201902,732.32,-0.0111,0.0256,"Huntington-Ashland, WV-KY-OH"
906,Cabell County,WV,201903,728.5,-0.0052,0.0248,"Huntington-Ashland, WV-KY-OH"
906,Cabell County,WV,201904,721.11,-0.0101,0.0119,"Huntington-Ashland, WV-KY-OH"
906,Cabell County,WV,201905,730.26,0.0127,0.0374,"Huntington-Ashland, WV-KY-OH"
906,Cabell County,WV,201906,729.46,-0.0011,0.0327,"Huntington-Ashland, WV-KY-OH"
906,Cabell County,WV,201907,737.01,0.0103,0.0512,"Huntington-Ashland, WV-KY-OH"
906,Cabell County,WV,201908,733.27,-0.0051,0.0324,"Huntington-Ashland, WV-KY-OH"
906,Cabell County,WV,201909,732.67,-0.0008,0.0321,"Huntington-Ashland, WV-KY-OH"
906,Cabell County,WV,201910,721.43,-0.0154,0.0313,"Huntington-Ashland, WV-KY-OH"
906,Cabell County,WV,201911,723.26,0.0025,0.0225,"Huntington-Ashland, WV-KY-OH"
906,Cabell County,WV,201912,722.21,-0.0015,0.0006,"Huntington-Ashland, WV-KY-OH"
906,Cabell County,WV,202001,743.4,0.0293,0.0039,"Huntington-Ashland, WV-KY-OH"
906,Cabell County,WV,202002,749.35,0.008,0.0232,"Huntington-Ashland, WV-KY-OH"
906,Cabell County,WV,202003,755.61,0.0084,0.0372,"Huntington-Ashland, WV-KY-OH"
906,Cabell County,WV,202004,755.33,-0.0004,0.0475,"Huntington-Ashland, WV-KY-OH"
906,Cabell County,WV,202005,757.65,0.0031,0.0375,"Huntington-Ashland, WV-KY-OH"
906,Cabell County,WV,202006,757.59,-0.0001,0.0386,"Huntington-Ashland, WV-KY-OH"
906,Cabell County,WV,202007,755.68,-0.0025,0.0253,"Huntington-Ashland, WV-KY-OH"
906,Cabell County,WV,202008,751.91,-0.005,0.0254,"Huntington-Ashland, WV-KY-OH"
906,Cabell County,WV,202009,755.92,0.0053,0.0317,"Huntington-Ashland, WV-KY-OH"
906,Cabell County,WV,202010,756.39,0.0006,0.0485,"Huntington-Ashland, WV-KY-OH"
906,Cabell County,WV,202011,770.54,0.0187,0.0654,"Huntington-Ashland, WV-KY-OH"
906,Cabell County,WV,202012,773.67,0.0041,0.0713,"Huntington-Ashland, WV-KY-OH"
906,Cabell County,WV,202101,780.07,0.0083,0.0493,"Huntington-Ashland, WV-KY-OH"
906,Cabell County,WV,202102,780.1,0.0,0.041,"Huntington-Ashland, WV-KY-OH"
906,Cabell County,WV,202103,784.96,0.0062,0.0388,"Huntington-Ashland, WV-KY-OH"
906,Cabell County,WV,202104,785.4,0.0006,0.0398,"Huntington-Ashland, WV-KY-OH"
906,Cabell County,WV,202105,786.45,0.0013,0.038,"Huntington-Ashland, WV-KY-OH"
906,Cabell County,WV,202106,795.48,0.0115,0.05,"Huntington-Ashland, WV-KY-OH"
906,Cabell County,WV,202107,790.65,-0.0061,0.0463,"Huntington-Ashland, WV-KY-OH"
906,Cabell County,WV,202108,800.54,0.0125,0.0647,"Huntington-Ashland, WV-KY-OH"
906,Cabell County,WV,202109,798.15,-0.003,0.0559,"Huntington-Ashland, WV-KY-OH"
906,Cabell County,WV,202110,806.78,0.0108,0.0666,"Huntington-Ashland, WV-KY-OH"
906,Cabell County,WV,202111,815.78,0.0112,0.0587,"Huntington-Ashland, WV-KY-OH"
906,Cabell County,WV,202112,818.31,0.0031,0.0577,"Huntington-Ashland, WV-KY-OH"
906,Cabell County,WV,202201,831.12,0.0157,0.0654,"Huntington-Ashland, WV-KY-OH"
906,Cabell County,WV,202202,825.57,-0.0067,0.0583,"Huntington-Ashland, WV-KY-OH"
906,Cabell County,WV,202203,839.51,0.0169,0.0695,"Huntington-Ashland, WV-KY-OH"
906,Cabell County,WV,202204,840.6,0.0013,0.0703,"Huntington-Ashland, WV-KY-OH"
906,Cabell County,WV,202205,849.98,0.0112,0.0808,"Huntington-Ashland, WV-KY-OH"
906,Cabell County,WV,202206,849.59,-0.0005,0.068,"Huntington-Ashland, WV-KY-OH"
906,Cabell County,WV,202207,862.48,0.0152,0.0908,"Huntington-Ashland, WV-KY-OH"
906,Cabell County,WV,202208,860.53,-0.0023,0.0749,"Huntington-Ashland, WV-KY-OH"
906,Cabell County,WV,202209,854.82,-0.0066,0.071,"Huntington-Ashland, WV-KY-OH"
906,Cabell County,WV,202210,856.06,0.0015,0.0611,"Huntington-Ashland, WV-KY-OH"
906,Cabell County,WV,202211,860.04,0.0046,0.0542,"Huntington-Ashland, WV-KY-OH"
906,Cabell County,WV,202212,868.73,0.0101,0.0616,"Huntington-Ashland, WV-KY-OH"
906,Cabell County,WV,202301,865.05,-0.0042,0.0408,"Huntington-Ashland, WV-KY-OH"
906,Cabell County,WV,202302,864.29,-0.0009,0.0469,"Huntington-Ashland, WV-KY-OH"
906,Cabell County,WV,202303,870.66,0.0074,0.0371,"Huntington-Ashland, WV-KY-OH"
906,Cabell County,WV,202304,873.99,0.0038,0.0397,"Huntington-Ashland, WV-KY-OH"
906,Cabell County,WV,202305,885.13,0.0127,0.0414,"Huntington-Ashland, WV-KY-OH"
906,Cabell County,WV,202306,894.67,0.0108,0.0531,"Huntington-Ashland, WV-KY-OH"
906,Cabell County,WV,202307,904.78,0.0113,0.049,"Huntington-Ashland, WV-KY-OH"
906,Cabell County,WV,202308,908.65,0.0043,0.0559,"Huntington-Ashland, WV-KY-OH"
906,Cabell County,WV,202309,903.38,-0.0058,0.0568,"Huntington-Ashland, WV-KY-OH"
906,Cabell County,WV,202310,903.24,-0.0002,0.0551,"Huntington-Ashland, WV-KY-OH"
906,Cabell County,WV,202311,896.63,-0.0073,0.0426,"Huntington-Ashland, WV-KY-OH"
906,Cabell County,WV,202312,896.4,-0.0003,0.0319,"Huntington-Ashland, WV-KY-OH"
906,Cabell County,WV,202401,896.5,0.0001,0.0364,"Huntington-Ashland, WV-KY-OH"
906,Cabell County,WV,202402,900.02,0.0039,0.0413,"Huntington-Ashland, WV-KY-OH"
906,Cabell County,WV,202403,914.48,0.0161,0.0503,"Huntington-Ashland, WV-KY-OH"
906,Cabell County,WV,202404,919.79,0.0058,0.0524,"Huntington-Ashland, WV-KY-OH"
906,Cabell County,WV,202405,925.28,0.006,0.0454,"Huntington-Ashland, WV-KY-OH"
906,Cabell County,WV,202406,929.07,0.0041,0.0385,"Huntington-Ashland, WV-KY-OH"
906,Cabell County,WV,202407,933.45,0.0047,0.0317,"Huntington-Ashland, WV-KY-OH"
906,Cabell County,WV,202408,937.74,0.0046,0.032,"Huntington-Ashland, WV-KY-OH"
906,Cabell County,WV,202409,934.16,-0.0038,0.0341,"Huntington-Ashland, WV-KY-OH"
906,Cabell County,WV,202410,935.24,0.0012,0.0354,"Huntington-Ashland, WV-KY-OH"
906,Cabell County,WV,202411,947.93,0.0136,0.0572,"Huntington-Ashland, WV-KY-OH"
906,Cabell County,WV,202412,955.99,0.0085,0.0665,"Huntington-Ashland, WV-KY-OH"
906,Cabell County,WV,202501,960.31,0.0045,0.0712,"Huntington-Ashland, WV-KY-OH"
906,Cabell County,WV,202502,960.97,0.0007,0.0677,"Huntington-Ashland, WV-KY-OH"
906,Cabell County,WV,202503,963.59,0.0027,0.0537,"Huntington-Ashland, WV-KY-OH"
906,Cabell County,WV,202504,967.74,0.0043,0.0521,"Huntington-Ashland, WV-KY-OH"
906,Cabell County,WV,202505,967.19,-0.0006,0.0453,"Huntington-Ashland, WV-KY-OH"
906,Cabell County,WV,202506,975.45,0.0085,0.0499,"Huntington-Ashland, WV-KY-OH"
906,Cabell County,WV,202507,978.05,0.0027,0.0478,"Huntington-Ashland, WV-KY-OH"
906,Cabell County,WV,202508,994.94,0.0173,0.061,"Huntington-Ashland, WV-KY-OH"
906,Cabell County,WV,202509,998.89,0.004,0.0693,"Huntington-Ashland, WV-KY-OH"
906,Cabell County,WV,202510,1004.1,0.0052,0.0736,"Huntington-Ashland, WV-KY-OH"
906,Cabell County,WV,202511,979.61,-0.0244,0.0334,"Huntington-Ashland, WV-KY-OH"
906,Cabell County,WV,202512,991.49,0.0121,0.0371,"Huntington-Ashland, WV-KY-OH"
906,Cabell County,WV,202601,1009.73,0.0184,0.0515,"Huntington-Ashland, WV-KY-OH"
1175,Marion County,WV,202310,924.29,,,"Fairmont, WV"
1175,Marion County,WV,202311,908.62,-0.017,,"Fairmont, WV"
1175,Marion County,WV,202312,930.43,0.024,,"Fairmont, WV"
1175,Marion County,WV,202401,948.54,0.0195,,"Fairmont, WV"
1175,Marion County,WV,202402,978.09,0.0312,,"Fairmont, WV"
1175,Marion County,WV,202405,977.97,-0.0001,,"Fairmont, WV"
1175,Marion County,WV,202406,989.71,0.012,,"Fairmont, WV"
1175,Marion County,WV,202407,992.73,0.003,,"Fairmont, WV"
1175,Marion County,WV,202408,992.61,-0.0001,,"Fairmont, WV"
1175,Marion County,WV,202409,987.5,-0.0052,,"Fairmont, WV"
1175,Marion County,WV,202410,1000.32,0.013,,"Fairmont, WV"
1175,Marion County,WV,202411,1011.51,0.0112,,"Fairmont, WV"
1175,Marion County,WV,202412,1044.02,0.0321,0.1295,"Fairmont, WV"
1175,Marion County,WV,202501,1049.5,0.0052,0.155,"Fairmont, WV"
1175,Marion County,WV,202502,1036.81,-0.0121,0.1143,"Fairmont, WV"
1175,Marion County,WV,202503,1005.24,-0.0304,0.0598,"Fairmont, WV"
1175,Marion County,WV,202504,990.09,-0.0151,0.0123,"Fairmont, WV"
1175,Marion County,WV,202505,996.21,0.0062,0.0187,"Fairmont, WV"
1175,Marion County,WV,202506,1014.03,0.0179,0.0246,"Fairmont, WV"
1175,Marion County,WV,202508,1057.4,0.0428,0.0651,"Fairmont, WV"
1175,Marion County,WV,202509,1065.92,0.0081,0.0739,"Fairmont, WV"
1175,Marion County,WV,202510,1068.78,0.0027,0.0823,"Fairmont, WV"
1175,Marion County,WV,202511,1062.77,-0.0056,0.0624,"Fairmont, WV"
1175,Marion County,WV,202512,1056.75,-0.0057,0.0447,"Fairmont, WV"
1175,Marion County,WV,202601,1054.17,-0.0024,0.0097,"Fairmont, WV"
1204,Mercer County,WV,202305,731.62,,,"Bluefield, WV-VA"
1204,Mercer County,WV,202306,748.41,0.023,,"Bluefield, WV-VA"
1204,Mercer County,WV,202307,739.13,-0.0124,,"Bluefield, WV-VA"
1204,Mercer County,WV,202308,767.81,0.0388,,"Bluefield, WV-VA"
1204,Mercer County,WV,202309,781.71,0.0181,,"Bluefield, WV-VA"
1204,Mercer County,WV,202310,796.35,0.0187,,"Bluefield, WV-VA"
1204,Mercer County,WV,202311,786.24,-0.0127,,"Bluefield, WV-VA"
1204,Mercer County,WV,202312,773.16,-0.0166,,"Bluefield, WV-VA"
1204,Mercer County,WV,202401,794.92,0.0281,,"Bluefield, WV-VA"
1204,Mercer County,WV,202402,799.56,0.0058,,"Bluefield, WV-VA"
1204,Mercer County,WV,202403,810.24,0.0134,,"Bluefield, WV-VA"
1204,Mercer County,WV,202404,810.38,0.0002,,"Bluefield, WV-VA"
1204,Mercer County,WV,202405,821.9,0.0142,0.1234,"Bluefield, WV-VA"
1204,Mercer County,WV,202406,828.8,0.0084,0.1074,"Bluefield, WV-VA"
1204,Mercer County,WV,202407,830.65,0.0022,0.1238,"Bluefield, WV-VA"
1204,Mercer County,WV,202408,830.56,-0.0001,0.0817,"Bluefield, WV-VA"
1204,Mercer County,WV,202409,840.91,0.0125,0.0757,"Bluefield, WV-VA"
1204,Mercer County,WV,202410,844.96,0.0048,0.061,"Bluefield, WV-VA"
1204,Mercer County,WV,202411,861.79,0.0199,0.0961,"Bluefield, WV-VA"
1204,Mercer County,WV,202412,857.04,-0.0055,0.1085,"Bluefield, WV-VA"
1204,Mercer County,WV,202501,861.69,0.0054,0.084,"Bluefield, WV-VA"
1204,Mercer County,WV,202502,860.35,-0.0016,0.076,"Bluefield, WV-VA"
1204,Mercer County,WV,202503,867.81,0.0087,0.0711,"Bluefield, WV-VA"
1204,Mercer County,WV,202504,869.19,0.0016,0.0726,"Bluefield, WV-VA"
1204,Mercer County,WV,202505,883.55,0.0165,0.075,"Bluefield, WV-VA"
1204,Mercer County,WV,202506,909.67,0.0296,0.0976,"Bluefield, WV-VA"
1204,Mercer County,WV,202507,939.24,0.0325,0.1307,"Bluefield, WV-VA"
1204,Mercer County,WV,202508,946.78,0.008,0.1399,"Bluefield, WV-VA"
1204,Mercer County,WV,202509,940.37,-0.0068,0.1183,"Bluefield, WV-VA"
1204,Mercer County,WV,202510,938.53,-0.002,0.1107,"Bluefield, WV-VA"
1204,Mercer County,WV,202511,939.78,0.0013,0.0905,"Bluefield, WV-VA"
1204,Mercer County,WV,202512,924.27,-0.0165,0.0784,"Bluefield, WV-VA"
1204,Mercer County,WV,202601,903.0,-0.023,0.0479,"Bluefield, WV-VA"
1346,Putnam County,WV,202503,1118.09,,,"Huntington-Ashland, WV-KY-OH"
1346,Putnam County,WV,202504,1086.05,-0.0287,,"Huntington-Ashland, WV-KY-OH"
1346,Putnam County,WV,202505,1078.24,-0.0072,,"Huntington-Ashland, WV-KY-OH"
1346,Putnam County,WV,202506,1087.79,0.0089,,"Huntington-Ashland, WV-KY-OH"
1346,Putnam County,WV,202507,1138.72,0.0468,,"Huntington-Ashland, WV-KY-OH"
1346,Putnam County,WV,202508,1156.69,0.0158,,"Huntington-Ashland, WV-KY-OH"
1346,Putnam County,WV,202509,1189.04,0.028,,"Huntington-Ashland, WV-KY-OH"
1346,Putnam County,WV,202510,1190.47,0.0012,,"Huntington-Ashland, WV-KY-OH"
1346,Putnam County,WV,202511,1216.08,0.0215,,"Huntington-Ashland, WV-KY-OH"
1346,Putnam County,WV,202512,1181.98,-0.028,,"Huntington-Ashland, WV-KY-OH"
1346,Putnam County,WV,202601,1147.92,-0.0288,,"Huntington-Ashland, WV-KY-OH"
1757,Hancock County,WV,202508,773.06,,,"Weirton-Steubenville, WV-OH"
1757,Hancock County,WV,202509,787.56,0.0188,,"Weirton-Steubenville, WV-OH"
1757,Hancock County,WV,202510,778.37,-0.0117,,"Weirton-Steubenville, WV-OH"
1757,Hancock County,WV,202512,775.97,-0.0031,,"Weirton-Steubenville, WV-OH"
1757,Hancock County,WV,202601,796.67,0.0267,,"Weirton-Steubenville, WV-OH"
1832,Kanawha County,WV,201802,711.61,,,"Charleston, WV"
1832,Kanawha County,WV,201803,712.66,0.0015,,"Charleston, WV"
1832,Kanawha County,WV,201804,721.52,0.0124,,"Charleston, WV"
1832,Kanawha County,WV,201805,718.94,-0.0036,,"Charleston, WV"
1832,Kanawha County,WV,201806,727.36,0.0117,,"Charleston, WV"
1832,Kanawha County,WV,201807,723.26,-0.0056,,"Charleston, WV"
1832,Kanawha County,WV,201808,729.43,0.0085,,"Charleston, WV"
1832,Kanawha County,WV,201809,721.68,-0.0106,,"Charleston, WV"
1832,Kanawha County,WV,201810,726.54,0.0067,,"Charleston, WV"
1832,Kanawha County,WV,201811,729.51,0.0041,,"Charleston, WV"
1832,Kanawha County,WV,201812,736.35,0.0094,,"Charleston, WV"
1832,Kanawha County,WV,201901,735.81,-0.0007,,"Charleston, WV"
1832,Kanawha County,WV,201902,730.82,-0.0068,0.027,"Charleston, WV"
1832,Kanawha County,WV,201903,725.75,-0.0069,0.0184,"Charleston, WV"
1832,Kanawha County,WV,201904,726.99,0.0017,0.0076,"Charleston, WV"
1832,Kanawha County,WV,201905,731.74,0.0065,0.0178,"Charleston, WV"
1832,Kanawha County,WV,201906,735.33,0.0049,0.011,"Charleston, WV"
1832,Kanawha County,WV,201907,735.9,0.0008,0.0175,"Charleston, WV"
1832,Kanawha County,WV,201908,731.79,-0.0056,0.0032,"Charleston, WV"
1832,Kanawha County,WV,201909,738.38,0.009,0.0231,"Charleston, WV"
1832,Kanawha County,WV,201910,742.65,0.0058,0.0222,"Charleston, WV"
1832,Kanawha County,WV,201911,741.24,-0.0019,0.0161,"Charleston, WV"
1832,Kanawha County,WV,201912,741.04,-0.0003,0.0064,"Charleston, WV"
1832,Kanawha County,WV,202001,744.95,0.0053,0.0124,"Charleston, WV"
1832,Kanawha County,WV,202002,750.28,0.0072,0.0266,"Charleston, WV"
1832,Kanawha County,WV,202003,753.74,0.0046,0.0386,"Charleston, WV"
1832,Kanawha County,WV,202004,752.41,-0.0018,0.035,"Charleston, WV"
1832,Kanawha County,WV,202005,756.97,0.0061,0.0345,"Charleston, WV"
1832,Kanawha County,WV,202006,754.26,-0.0036,0.0257,"Charleston, WV"
1832,Kanawha County,WV,202007,753.02,-0.0016,0.0233,"Charleston, WV"
1832,Kanawha County,WV,202008,751.7,-0.0017,0.0272,"Charleston, WV"
1832,Kanawha County,WV,202009,755.48,0.005,0.0232,"Charleston, WV"
1832,Kanawha County,WV,202010,762.54,0.0093,0.0268,"Charleston, WV"
1832,Kanawha County,WV,202011,772.91,0.0136,0.0427,"Charleston, WV"
1832,Kanawha County,WV,202012,772.76,-0.0002,0.0428,"Charleston, WV"
1832,Kanawha County,WV,202101,772.65,-0.0001,0.0372,"Charleston, WV"
1832,Kanawha County,WV,202102,773.52,0.0011,0.031,"Charleston, WV"
1832,Kanawha County,WV,202103,776.09,0.0033,0.0297,"Charleston, WV"
1832,Kanawha County,WV,202104,775.14,-0.0012,0.0302,"Charleston, WV"
1832,Kanawha County,WV,202105,766.02,-0.0118,0.012,"Charleston, WV"
1832,Kanawha County,WV,202106,779.52,0.0176,0.0335,"Charleston, WV"
1832,Kanawha County,WV,202107,787.66,0.0104,0.046,"Charleston, WV"
1832,Kanawha County,WV,202108,806.24,0.0236,0.0725,"Charleston, WV"
1832,Kanawha County,WV,202109,793.43,-0.0159,0.0502,"Charleston, WV"
1832,Kanawha County,WV,202110,794.12,0.0009,0.0414,"Charleston, WV"
1832,Kanawha County,WV,202111,787.82,-0.0079,0.0193,"Charleston, WV"
1832,Kanawha County,WV,202112,792.24,0.0056,0.0252,"Charleston, WV"
1832,Kanawha County,WV,202201,798.22,0.0075,0.0331,"Charleston, WV"
1832,Kanawha County,WV,202202,800.33,0.0026,0.0347,"Charleston, WV"
1832,Kanawha County,WV,202203,808.15,0.0098,0.0413,"Charleston, WV"
1832,Kanawha County,WV,202204,815.95,0.0096,0.0526,"Charleston, WV"
1832,Kanawha County,WV,202205,827.58,0.0143,0.0804,"Charleston, WV"
1832,Kanawha County,WV,202206,832.82,0.0063,0.0684,"Charleston, WV"
1832,Kanawha County,WV,202207,830.4,-0.0029,0.0543,"Charleston, WV"
1832,Kanawha County,WV,202208,827.95,-0.003,0.0269,"Charleston, WV"
1832,Kanawha County,WV,202209,839.48,0.0139,0.058,"Charleston, WV"
1832,Kanawha County,WV,202210,847.23,0.0092,0.0669,"Charleston, WV"
1832,Kanawha County,WV,202211,848.59,0.0016,0.0771,"Charleston, WV"
1832,Kanawha County,WV,202212,839.15,-0.0111,0.0592,"Charleston, WV"
1832,Kanawha County,WV,202301,837.22,-0.0023,0.0489,"Charleston, WV"
1832,Kanawha County,WV,202302,849.38,0.0145,0.0613,"Charleston, WV"
1832,Kanawha County,WV,202303,860.42,0.013,0.0647,"Charleston, WV"
1832,Kanawha County,WV,202304,870.76,0.012,0.0672,"Charleston, WV"
1832,Kanawha County,WV,202305,868.72,-0.0023,0.0497,"Charleston, WV"
1832,Kanawha County,WV,202306,866.6,-0.0024,0.0406,"Charleston, WV"
1832,Kanawha County,WV,202307,862.17,-0.0051,0.0383,"Charleston, WV"
1832,Kanawha County,WV,202308,877.88,0.0182,0.0603,"Charleston, WV"
1832,Kanawha County,WV,202309,887.76,0.0112,0.0575,"Charleston, WV"
1832,Kanawha County,WV,202310,893.57,0.0066,0.0547,"Charleston, WV"
1832,Kanawha County,WV,202311,885.44,-0.0091,0.0434,"Charleston, WV"
1832,Kanawha County,WV,202312,886.05,0.0007,0.0559,"Charleston, WV"
1832,Kanawha County,WV,202401,889.19,0.0035,0.0621,"Charleston, WV"
1832,Kanawha County,WV,202402,889.62,0.0005,0.0474,"Charleston, WV"
1832,Kanawha County,WV,202403,904.73,0.017,0.0515,"Charleston, WV"
1832,Kanawha County,WV,202404,914.29,0.0106,0.05,"Charleston, WV"
1832,Kanawha County,WV,202405,923.97,0.0106,0.0636,"Charleston, WV"
1832,Kanawha County,WV,202406,917.12,-0.0074,0.0583,"Charleston, WV"
1832,Kanawha County,WV,202407,913.5,-0.004,0.0595,"Charleston, WV"
1832,Kanawha County,WV,202408,921.93,0.0092,0.0502,"Charleston, WV"
1832,Kanawha County,WV,202409,928.05,0.0066,0.0454,"Charleston, WV"
1832,Kanawha County,WV,202410,937.16,0.0098,0.0488,"Charleston, WV"
1832,Kanawha County,WV,202411,933.55,-0.0039,0.0543,"Charleston, WV"
1832,Kanawha County,WV,202412,934.37,0.0009,0.0545,"Charleston, WV"
1832,Kanawha County,WV,202501,940.75,0.0068,0.058,"Charleston, WV"
1832,Kanawha County,WV,202502,947.87,0.0076,0.0655,"Charleston, WV"
1832,Kanawha County,WV,202503,947.24,-0.0007,0.047,"Charleston, WV"
1832,Kanawha County,WV,202504,953.09,0.0062,0.0424,"Charleston, WV"
1832,Kanawha County,WV,202505,971.49,0.0193,0.0514,"Charleston, WV"
1832,Kanawha County,WV,202506,989.08,0.0181,0.0785,"Charleston, WV"
1832,Kanawha County,WV,202507,993.41,0.0044,0.0875,"Charleston, WV"
1832,Kanawha County,WV,202508,994.32,0.0009,0.0785,"Charleston, WV"
1832,Kanawha County,WV,202509,998.2,0.0039,0.0756,"Charleston, WV"
1832,Kanawha County,WV,202510,1010.42,0.0123,0.0782,"Charleston, WV"
1832,Kanawha County,WV,202511,1003.07,-0.0073,0.0745,"Charleston, WV"
1832,Kanawha County,WV,202512,1006.69,0.0036,0.0774,"Charleston, WV"
1832,Kanawha County,WV,202601,1008.65,0.002,0.0722,"Charleston, WV"
1990,Raleigh County,WV,202402,869.96,,,"Beckley, WV"
1990,Raleigh County,WV,202403,904.92,0.0402,,"Beckley, WV"
1990,Raleigh County,WV,202404,905.2,0.0003,,"Beckley, WV"
1990,Raleigh County,WV,202405,928.82,0.0261,,"Beckley, WV"
1990,Raleigh County,WV,202406,927.36,-0.0016,,"Beckley, WV"
1990,Raleigh County,WV,202407,997.85,0.076,,"Beckley, WV"
1990,Raleigh County,WV,202408,991.5,-0.0064,,"Beckley, WV"
1990,Raleigh County,WV,202409,1002.25,0.0108,,"Beckley, WV"
1990,Raleigh County,WV,202410,952.74,-0.0494,,"Beckley, WV"
1990,Raleigh County,WV,202411,960.23,0.0079,,"Beckley, WV"
1990,Raleigh County,WV,202412,962.11,0.002,,"Beckley, WV"
1990,Raleigh County,WV,202501,1003.45,0.043,,"Beckley, WV"
1990,Raleigh County,WV,202502,1020.33,0.0168,0.1728,"Beckley, WV"
1990,Raleigh County,WV,202503,1027.71,0.0072,0.1357,"Beckley, WV"
1990,Raleigh County,WV,202504,1005.84,-0.0213,0.1112,"Beckley, WV"
1990,Raleigh County,WV,202505,1022.49,0.0165,0.1008,"Beckley, WV"
1990,Raleigh County,WV,202506,1064.43,0.041,0.1478,"Beckley, WV"
1990,Raleigh County,WV,202507,1085.54,0.0198,0.0879,"Beckley, WV"
1990,Raleigh County,WV,202508,1075.51,-0.0092,0.0847,"Beckley, WV"
1990,Raleigh County,WV,202509,1038.83,-0.0341,0.0365,"Beckley, WV"
1990,Raleigh County,WV,202510,1008.61,-0.0291,0.0586,"Beckley, WV"
1990,Raleigh County,WV,202511,1010.33,0.0017,0.0522,"Beckley, WV"
1990,Raleigh County,WV,202512,1060.94,0.0501,0.1027,"Beckley, WV"
1990,Raleigh County,WV,202601,1091.67,0.029,0.0879,"Beckley, WV"
2142,Berkeley County,WV,201501,926.23,,,"Hagerstown-Martinsburg, MD-WV"
2142,Berkeley County,WV,201502,954.22,0.0302,,"Hagerstown-Martinsburg, MD-WV"
2142,Berkeley County,WV,201503,957.76,0.0037,,"Hagerstown-Martinsburg, MD-WV"
2142,Berkeley County,WV,201504,960.62,0.003,,"Hagerstown-Martinsburg, MD-WV"
2142,Berkeley County,WV,201505,953.57,-0.0073,,"Hagerstown-Martinsburg, MD-WV"
2142,Berkeley County,WV,201506,952.88,-0.0007,,"Hagerstown-Martinsburg, MD-WV"
2142,Berkeley County,WV,201507,955.77,0.003,,"Hagerstown-Martinsburg, MD-WV"
2142,Berkeley County,WV,201508,961.28,0.0058,,"Hagerstown-Martinsburg, MD-WV"
2142,Berkeley County,WV,201509,961.79,0.0005,,"Hagerstown-Martinsburg, MD-WV"
2142,Berkeley County,WV,201510,958.45,-0.0035,,"Hagerstown-Martinsburg, MD-WV"
2142,Berkeley County,WV,201511,954.55,-0.0041,,"Hagerstown-Martinsburg, MD-WV"
2142,Berkeley County,WV,201512,949.25,-0.0055,,"Hagerstown-Martinsburg, MD-WV"
2142,Berkeley County,WV,201601,951.8,0.0027,0.0276,"Hagerstown-Martinsburg, MD-WV"
2142,Berkeley County,WV,201602,959.61,0.0082,0.0057,"Hagerstown-Martinsburg, MD-WV"
2142,Berkeley County,WV,201603,959.27,-0.0004,0.0016,"Hagerstown-Martinsburg, MD-WV"
2142,Berkeley County,WV,201604,963.12,0.004,0.0026,"Hagerstown-Martinsburg, MD-WV"
2142,Berkeley County,WV,201605,958.02,-0.0053,0.0047,"Hagerstown-Martinsburg, MD-WV"
2142,Berkeley County,WV,201606,971.3,0.0139,0.0193,"Hagerstown-Martinsburg, MD-WV"
2142,Berkeley County,WV,201607,974.43,0.0032,0.0195,"Hagerstown-Martinsburg, MD-WV"
2142,Berkeley County,WV,201608,980.12,0.0058,0.0196,"Hagerstown-Martinsburg, MD-WV"
2142,Berkeley County,WV,201609,981.24,0.0011,0.0202,"Hagerstown-Martinsburg, MD-WV"
2142,Berkeley County,WV,201610,977.14,-0.0042,0.0195,"Hagerstown-Martinsburg, MD-WV"
2142,Berkeley County,WV,201611,972.57,-0.0047,0.0189,"Hagerstown-Martinsburg, MD-WV"
2142,Berkeley County,WV,201612,972.52,-0.0001,0.0245,"Hagerstown-Martinsburg, MD-WV"
2142,Berkeley County,WV,201701,981.6,0.0093,0.0313,"Hagerstown-Martinsburg, MD-WV"
2142,Berkeley County,WV,201702,993.0,0.0116,0.0348,"Hagerstown-Martinsburg, MD-WV"
2142,Berkeley County,WV,201703,1010.4,0.0175,0.0533,"Hagerstown-Martinsburg, MD-WV"
2142,Berkeley County,WV,201704,1008.63,-0.0018,0.0472,"Hagerstown-Martinsburg, MD-WV"
2142,Berkeley County,WV,201705,1012.47,0.0038,0.0568,"Hagerstown-Martinsburg, MD-WV"
2142,Berkeley County,WV,201706,1007.59,-0.0048,0.0374,"Hagerstown-Martinsburg, MD-WV"
2142,Berkeley County,WV,201707,1019.07,0.0114,0.0458,"Hagerstown-Martinsburg, MD-WV"
2142,Berkeley County,WV,201708,1021.97,0.0028,0.0427,"Hagerstown-Martinsburg, MD-WV"
2142,Berkeley County,WV,201709,1020.9,-0.001,0.0404,"Hagerstown-Martinsburg, MD-WV"
2142,Berkeley County,WV,201710,1011.86,-0.0089,0.0355,"Hagerstown-Martinsburg, MD-WV"
2142,Berkeley County,WV,201711,1011.6,-0.0003,0.0401,"Hagerstown-Martinsburg, MD-WV"
2142,Berkeley County,WV,201712,1011.35,-0.0002,0.0399,"Hagerstown-Martinsburg, MD-WV"
2142,Berkeley County,WV,201801,1017.8,0.0064,0.0369,"Hagerstown-Martinsburg, MD-WV"
2142,Berkeley County,WV,201802,1022.21,0.0043,0.0294,"Hagerstown-Martinsburg, MD-WV"
2142,Berkeley County,WV,201803,1025.77,0.0035,0.0152,"Hagerstown-Martinsburg, MD-WV"
2142,Berkeley County,WV,201804,1031.43,0.0055,0.0226,"Hagerstown-Martinsburg, MD-WV"
2142,Berkeley County,WV,201805,1035.91,0.0043,0.0232,"Hagerstown-Martinsburg, MD-WV"
2142,Berkeley County,WV,201806,1045.58,0.0093,0.0377,"Hagerstown-Martinsburg, MD-WV"
2142,Berkeley County,WV,201807,1051.71,0.0059,0.032,"Hagerstown-Martinsburg, MD-WV"
2142,Berkeley County,WV,201808,1054.23,0.0024,0.0316,"Hagerstown-Martinsburg, MD-WV"
2142,Berkeley County,WV,201809,1052.97,-0.0012,0.0314,"Hagerstown-Martinsburg, MD-WV"
2142,Berkeley County,WV,201810,1053.48,0.0005,0.0411,"Hagerstown-Martinsburg, MD-WV"
2142,Berkeley County,WV,201811,1053.25,-0.0002,0.0412,"Hagerstown-Martinsburg, MD-WV"
2142,Berkeley County,WV,201812,1057.39,0.0039,0.0455,"Hagerstown-Martinsburg, MD-WV"
2142,Berkeley County,WV,201901,1061.92,0.0043,0.0434,"Hagerstown-Martinsburg, MD-WV"
2142,Berkeley County,WV,201902,1067.86,0.0056,0.0447,"Hagerstown-Martinsburg, MD-WV"
2142,Berkeley County,WV,201903,1073.67,0.0054,0.0467,"Hagerstown-Martinsburg, MD-WV"
2142,Berkeley County,WV,201904,1079.01,0.005,0.0461,"Hagerstown-Martinsburg, MD-WV"
2142,Berkeley County,WV,201905,1082.09,0.0029,0.0446,"Hagerstown-Martinsburg, MD-WV"
2142,Berkeley County,WV,201906,1078.23,-0.0036,0.0312,"Hagerstown-Martinsburg, MD-WV"
2142,Berkeley County,WV,201907,1083.45,0.0048,0.0302,"Hagerstown-Martinsburg, MD-WV"
2142,Berkeley County,WV,201908,1083.16,-0.0003,0.0274,"Hagerstown-Martinsburg, MD-WV"
2142,Berkeley County,WV,201909,1088.89,0.0053,0.0341,"Hagerstown-Martinsburg, MD-WV"
2142,Berkeley County,WV,201910,1082.19,-0.0062,0.0273,"Hagerstown-Martinsburg, MD-WV"
2142,Berkeley County,WV,201911,1087.31,0.0047,0.0323,"Hagerstown-Martinsburg, MD-WV"
2142,Berkeley County,WV,201912,1100.99,0.0126,0.0412,"Hagerstown-Martinsburg, MD-WV"
2142,Berkeley County,WV,202001,1097.29,-0.0034,0.0333,"Hagerstown-Martinsburg, MD-WV"
2142,Berkeley County,WV,202002,1100.41,0.0028,0.0305,"Hagerstown-Martinsburg, MD-WV"
2142,Berkeley County,WV,202003,1096.51,-0.0035,0.0213,"Hagerstown-Martinsburg, MD-WV"
2142,Berkeley County,WV,202004,1118.51,0.0201,0.0366,"Hagerstown-Martinsburg, MD-WV"
2142,Berkeley County,WV,202005,1127.18,0.0077,0.0417,"Hagerstown-Martinsburg, MD-WV"
2142,Berkeley County,WV,202006,1131.03,0.0034,0.049,"Hagerstown-Martinsburg, MD-WV"
2142,Berkeley County,WV,202007,1144.89,0.0123,0.0567,"Hagerstown-Martinsburg, MD-WV"
2142,Berkeley County,WV,202008,1152.54,0.0067,0.064,"Hagerstown-Martinsburg, MD-WV"
2142,Berkeley County,WV,202009,1171.1,0.0161,0.0755,"Hagerstown-Martinsburg, MD-WV"
2142,Berkeley County,WV,202010,1161.36,-0.0083,0.0732,"Hagerstown-Martinsburg, MD-WV"
2142,Berkeley County,WV,202011,1171.16,0.0084,0.0771,"Hagerstown-Martinsburg, MD-WV"
2142,Berkeley County,WV,202012,1170.24,-0.0008,0.0629,"Hagerstown-Martinsburg, MD-WV"
2142,Berkeley County,WV,202101,1204.91,0.0296,0.0981,"Hagerstown-Martinsburg, MD-WV"
2142,Berkeley County,WV,202102,1210.95,0.005,0.1005,"Hagerstown-Martinsburg, MD-WV"
2142,Berkeley County,WV,202103,1221.59,0.0088,0.1141,"Hagerstown-Martinsburg, MD-WV"
2142,Berkeley County,WV,202104,1215.86,-0.0047,0.087,"Hagerstown-Martinsburg, MD-WV"
2142,Berkeley County,WV,202105,1238.49,0.0186,0.0988,"Hagerstown-Martinsburg, MD-WV"
2142,Berkeley County,WV,202106,1254.71,0.0131,0.1093,"Hagerstown-Martinsburg, MD-WV"
2142,Berkeley County,WV,202107,1280.71,0.0207,0.1186,"Hagerstown-Martinsburg, MD-WV"
2142,Berkeley County,WV,202108,1288.6,0.0062,0.1181,"Hagerstown-Martinsburg, MD-WV"
2142,Berkeley County,WV,202109,1315.55,0.0209,0.1234,"Hagerstown-Martinsburg, MD-WV"
2142,Berkeley County,WV,202110,1321.91,0.0048,0.1382,"Hagerstown-Martinsburg, MD-WV"
2142,Berkeley County,WV,202111,1320.53,-0.001,0.1275,"Hagerstown-Martinsburg, MD-WV"
2142,Berkeley County,WV,202112,1330.62,0.0076,0.137,"Hagerstown-Martinsburg, MD-WV"
2142,Berkeley County,WV,202201,1333.4,0.0021,0.1066,"Hagerstown-Martinsburg, MD-WV"
2142,Berkeley County,WV,202202,1357.55,0.0181,0.1211,"Hagerstown-Martinsburg, MD-WV"
2142,Berkeley County,WV,202203,1361.98,0.0033,0.1149,"Hagerstown-Martinsburg, MD-WV"
2142,Berkeley County,WV,202204,1377.57,0.0114,0.133,"Hagerstown-Martinsburg, MD-WV"
2142,Berkeley County,WV,202205,1405.3,0.0201,0.1347,"Hagerstown-Martinsburg, MD-WV"
2142,Berkeley County,WV,202206,1425.49,0.0144,0.1361,"Hagerstown-Martinsburg, MD-WV"
2142,Berkeley County,WV,202207,1455.19,0.0208,0.1362,"Hagerstown-Martinsburg, MD-WV"
2142,Berkeley County,WV,202208,1457.39,0.0015,0.131,"Hagerstown-Martinsburg, MD-WV"
2142,Berkeley County,WV,202209,1448.19,-0.0063,0.1008,"Hagerstown-Martinsburg, MD-WV"
2142,Berkeley County,WV,202210,1439.06,-0.0063,0.0886,"Hagerstown-Martinsburg, MD-WV"
2142,Berkeley County,WV,202211,1435.16,-0.0027,0.0868,"Hagerstown-Martinsburg, MD-WV"
2142,Berkeley County,WV,202212,1456.75,0.015,0.0948,"Hagerstown-Martinsburg, MD-WV"
2142,Berkeley County,WV,202301,1454.86,-0.0013,0.0911,"Hagerstown-Martinsburg, MD-WV"
2142,Berkeley County,WV,202302,1458.23,0.0023,0.0742,"Hagerstown-Martinsburg, MD-WV"
2142,Berkeley County,WV,202303,1445.05,-0.009,0.061,"Hagerstown-Martinsburg, MD-WV"
2142,Berkeley County,WV,202304,1458.29,0.0092,0.0586,"Hagerstown-Martinsburg, MD-WV"
2142,Berkeley County,WV,202305,1463.4,0.0035,0.0413,"Hagerstown-Martinsburg, MD-WV"
2142,Berkeley County,WV,202306,1476.2,0.0087,0.0356,"Hagerstown-Martinsburg, MD-WV"
2142,Berkeley County,WV,202307,1478.7,0.0017,0.0162,"Hagerstown-Martinsburg, MD-WV"
2142,Berkeley County,WV,202308,1495.71,0.0115,0.0263,"Hagerstown-Martinsburg, MD-WV"
2142,Berkeley County,WV,202309,1500.37,0.0031,0.036,"Hagerstown-Martinsburg, MD-WV"
2142,Berkeley County,WV,202310,1501.26,0.0006,0.0432,"Hagerstown-Martinsburg, MD-WV"
2142,Berkeley County,WV,202311,1495.94,-0.0035,0.0424,"Hagerstown-Martinsburg, MD-WV"
2142,Berkeley County,WV,202312,1499.55,0.0024,0.0294,"Hagerstown-Martinsburg, MD-WV"
2142,Berkeley County,WV,202401,1511.35,0.0079,0.0388,"Hagerstown-Martinsburg, MD-WV"
2142,Berkeley County,WV,202402,1501.32,-0.0066,0.0295,"Hagerstown-Martinsburg, MD-WV"
2142,Berkeley County,WV,202403,1498.77,-0.0017,0.0372,"Hagerstown-Martinsburg, MD-WV"
2142,Berkeley County,WV,202404,1504.11,0.0036,0.0314,"Hagerstown-Martinsburg, MD-WV"
2142,Berkeley County,WV,202405,1530.0,0.0172,0.0455,"Hagerstown-Martinsburg, MD-WV"
2142,Berkeley County,WV,202406,1543.12,0.0086,0.0453,"Hagerstown-Martinsburg, MD-WV"
2142,Berkeley County,WV,202407,1555.93,0.0083,0.0522,"Hagerstown-Martinsburg, MD-WV"
2142,Berkeley County,WV,202408,1567.08,0.0072,0.0477,"Hagerstown-Martinsburg, MD-WV"
2142,Berkeley County,WV,202409,1571.62,0.0029,0.0475,"Hagerstown-Martinsburg, MD-WV"
2142,Berkeley County,WV,202410,1567.97,-0.0023,0.0444,"Hagerstown-Martinsburg, MD-WV"
2142,Berkeley County,WV,202411,1576.28,0.0053,0.0537,"Hagerstown-Martinsburg, MD-WV"
2142,Berkeley County,WV,202412,1591.55,0.0097,0.0614,"Hagerstown-Martinsburg, MD-WV"
2142,Berkeley County,WV,202501,1593.29,0.0011,0.0542,"Hagerstown-Martinsburg, MD-WV"
2142,Berkeley County,WV,202502,1585.71,-0.0048,0.0562,"Hagerstown-Martinsburg, MD-WV"
2142,Berkeley County,WV,202503,1580.63,-0.0032,0.0546,"Hagerstown-Martinsburg, MD-WV"
2142,Berkeley County,WV,202504,1586.51,0.0037,0.0548,"Hagerstown-Martinsburg, MD-WV"
2142,Berkeley County,WV,202505,1612.72,0.0165,0.0541,"Hagerstown-Martinsburg, MD-WV"
2142,Berkeley County,WV,202506,1631.8,0.0118,0.0575,"Hagerstown-Martinsburg, MD-WV"
2142,Berkeley County,WV,202507,1639.23,0.0046,0.0535,"Hagerstown-Martinsburg, MD-WV"
2142,Berkeley County,WV,202508,1623.88,-0.0094,0.0362,"Hagerstown-Martinsburg, MD-WV"
2142,Berkeley County,WV,202509,1618.52,-0.0033,0.0298,"Hagerstown-Martinsburg, MD-WV"
2142,Berkeley County,WV,202510,1625.69,0.0044,0.0368,"Hagerstown-Martinsburg, MD-WV"
2142,Berkeley County,WV,202511,1637.1,0.007,0.0386,"Hagerstown-Martinsburg, MD-WV"
2142,Berkeley County,WV,202512,1647.53,0.0064,0.0352,"Hagerstown-Martinsburg, MD-WV"
2142,Berkeley County,WV,202601,1644.4,-0.0019,0.0321,"Hagerstown-Martinsburg, MD-WV"
2336,Harrison County,WV,202108,849.47,,,"Clarksburg, WV"
2336,Harrison County,WV,202109,845.98,-0.0041,,"Clarksburg, WV"
2336,Harrison County,WV,202110,848.45,0.0029,,"Clarksburg, WV"
2336,Harrison County,WV,202111,833.97,-0.0171,,"Clarksburg, WV"
2336,Harrison County,WV,202112,856.63,0.0272,,"Clarksburg, WV"
2336,Harrison County,WV,202201,874.7,0.0211,,"Clarksburg, WV"
2336,Harrison County,WV,202202,884.02,0.0107,,"Clarksburg, WV"
2336,Harrison County,WV,202203,866.52,-0.0198,,"Clarksburg, WV"
2336,Harrison County,WV,202204,864.61,-0.0022,,"Clarksburg, WV"
2336,Harrison County,WV,202205,884.06,0.0225,,"Clarksburg, WV"
2336,Harrison County,WV,202206,889.72,0.0064,,"Clarksburg, WV"
2336,Harrison County,WV,202207,881.88,-0.0088,,"Clarksburg, WV"
2336,Harrison County,WV,202208,892.47,0.012,0.0506,"Clarksburg, WV"
2336,Harrison County,WV,202209,894.5,0.0023,0.0574,"Clarksburg, WV"
2336,Harrison County,WV,202210,910.61,0.018,0.0733,"Clarksburg, WV"
2336,Harrison County,WV,202211,911.43,0.0009,0.0929,"Clarksburg, WV"
2336,Harrison County,WV,202212,914.99,0.0039,0.0681,"Clarksburg, WV"
2336,Harrison County,WV,202301,926.3,0.0124,0.059,"Clarksburg, WV"
2336,Harrison County,WV,202302,935.99,0.0105,0.0588,"Clarksburg, WV"
2336,Harrison County,WV,202303,926.2,-0.0105,0.0689,"Clarksburg, WV"
2336,Harrison County,WV,202304,923.05,-0.0034,0.0676,"Clarksburg, WV"
2336,Harrison County,WV,202305,918.21,-0.0052,0.0386,"Clarksburg, WV"
2336,Harrison County,WV,202306,935.38,0.0187,0.0513,"Clarksburg, WV"
2336,Harrison County,WV,202307,940.16,0.0051,0.0661,"Clarksburg, WV"
2336,Harrison County,WV,202308,952.78,0.0134,0.0676,"Clarksburg, WV"
2336,Harrison County,WV,202309,982.28,0.031,0.0981,"Clarksburg, WV"
2336,Harrison County,WV,202310,981.75,-0.0005,0.0781,"Clarksburg, WV"
2336,Harrison County,WV,202311,980.01,-0.0018,0.0752,"Clarksburg, WV"
2336,Harrison County,WV,202312,981.13,0.0011,0.0723,"Clarksburg, WV"
2336,Harrison County,WV,202401,989.36,0.0084,0.0681,"Clarksburg, WV"
2336,Harrison County,WV,202402,996.08,0.0068,0.0642,"Clarksburg, WV"
2336,Harrison County,WV,202403,971.8,-0.0244,0.0492,"Clarksburg, WV"
2336,Harrison County,WV,202404,976.51,0.0048,0.0579,"Clarksburg, WV"
2336,Harrison County,WV,202405,980.49,0.0041,0.0678,"Clarksburg, WV"
2336,Harrison County,WV,202406,1001.34,0.0213,0.0705,"Clarksburg, WV"
2336,Harrison County,WV,202407,1002.72,0.0014,0.0665,"Clarksburg, WV"
2336,Harrison County,WV,202408,1002.36,-0.0004,0.052,"Clarksburg, WV"
2336,Harrison County,WV,202409,1009.14,0.0068,0.0273,"Clarksburg, WV"
2336,Harrison County,WV,202410,1021.45,0.0122,0.0404,"Clarksburg, WV"
2336,Harrison County,WV,202411,1011.18,-0.0101,0.0318,"Clarksburg, WV"
2336,Harrison County,WV,202412,1012.43,0.0012,0.0319,"Clarksburg, WV"
2336,Harrison County,WV,202501,1007.59,-0.0048,0.0184,"Clarksburg, WV"
2336,Harrison County,WV,202502,1007.54,-0.0,0.0115,"Clarksburg, WV"
2336,Harrison County,WV,202503,1013.64,0.0061,0.0431,"Clarksburg, WV"
2336,Harrison County,WV,202504,1042.49,0.0285,0.0676,"Clarksburg, WV"
2336,Harrison County,WV,202505,1074.95,0.0311,0.0963,"Clarksburg, WV"
2336,Harrison County,WV,202506,1071.13,-0.0035,0.0697,"Clarksburg, WV"
2336,Harrison County,WV,202507,1059.15,-0.0112,0.0563,"Clarksburg, WV"
2336,Harrison County,WV,202508,1064.18,0.0047,0.0617,"Clarksburg, WV"
2336,Harrison County,WV,202509,1066.44,0.0021,0.0568,"Clarksburg, WV"
2336,Harrison County,WV,202510,1075.41,0.0084,0.0528,"Clarksburg, WV"
2336,Harrison County,WV,202511,1076.12,0.0007,0.0642,"Clarksburg, WV"
2336,Harrison County,WV,202512,1074.39,-0.0016,0.0612,"Clarksburg, WV"
2336,Harrison County,WV,202601,1055.5,-0.0176,0.0475,"Clarksburg, WV"
2416,Marshall County,WV,202601,800.0,,,"Wheeling, WV-OH"
2757,Jefferson County,WV,202305,1643.59,,,"Washington-Arlington-Alexandria, DC-VA-MD-WV"
2757,Jefferson County,WV,202306,1665.47,0.0133,,"Washington-Arlington-Alexandria, DC-VA-MD-WV"
2757,Jefferson County,WV,202307,1636.67,-0.0173,,"Washington-Arlington-Alexandria, DC-VA-MD-WV"
2757,Jefferson County,WV,202308,1680.56,0.0268,,"Washington-Arlington-Alexandria, DC-VA-MD-WV"
2757,Jefferson County,WV,202310,1703.69,0.0138,,"Washington-Arlington-Alexandria, DC-VA-MD-WV"
2757,Jefferson County,WV,202311,1706.37,0.0016,,"Washington-Arlington-Alexandria, DC-VA-MD-WV"
2757,Jefferson County,WV,202312,1701.8,-0.0027,,"Washington-Arlington-Alexandria, DC-VA-MD-WV"
2757,Jefferson County,WV,202401,1688.06,-0.0081,,"Washington-Arlington-Alexandria, DC-VA-MD-WV"
2757,Jefferson County,WV,202402,1651.5,-0.0217,,"Washington-Arlington-Alexandria, DC-VA-MD-WV"
2757,Jefferson County,WV,202403,1677.23,0.0156,,"Washington-Arlington-Alexandria, DC-VA-MD-WV"
2757,Jefferson County,WV,202404,1710.47,0.0198,,"Washington-Arlington-Alexandria, DC-VA-MD-WV"
2757,Jefferson County,WV,202405,1732.15,0.0127,,"Washington-Arlington-Alexandria, DC-VA-MD-WV"
2757,Jefferson County,WV,202406,1730.86,-0.0007,0.0531,"Washington-Arlington-Alexandria, DC-VA-MD-WV"
2757,Jefferson County,WV,202407,1731.56,0.0004,0.0397,"Washington-Arlington-Alexandria, DC-VA-MD-WV"
2757,Jefferson County,WV,202408,1740.76,0.0053,0.0636,"Washington-Arlington-Alexandria, DC-VA-MD-WV"
2757,Jefferson County,WV,202409,1785.18,0.0255,0.0623,"Washington-Arlington-Alexandria, DC-VA-MD-WV"
2757,Jefferson County,WV,202410,1794.35,0.0051,0.0532,"Washington-Arlington-Alexandria, DC-VA-MD-WV"
2757,Jefferson County,WV,202411,1806.49,0.0068,0.0587,"Washington-Arlington-Alexandria, DC-VA-MD-WV"
2757,Jefferson County,WV,202412,1780.54,-0.0144,0.0463,"Washington-Arlington-Alexandria, DC-VA-MD-WV"
2757,Jefferson County,WV,202501,1773.09,-0.0042,0.0504,"Washington-Arlington-Alexandria, DC-VA-MD-WV"
2757,Jefferson County,WV,202502,1758.4,-0.0083,0.0647,"Washington-Arlington-Alexandria, DC-VA-MD-WV"
2757,Jefferson County,WV,202503,1762.1,0.0021,0.0506,"Washington-Arlington-Alexandria, DC-VA-MD-WV"
2757,Jefferson County,WV,202504,1785.79,0.0134,0.044,"Washington-Arlington-Alexandria, DC-VA-MD-WV"
2757,Jefferson County,WV,202505,1806.78,0.0118,0.0431,"Washington-Arlington-Alexandria, DC-VA-MD-WV"
2757,Jefferson County,WV,202506,1805.7,-0.0006,0.0432,"Washington-Arlington-Alexandria, DC-VA-MD-WV"
2757,Jefferson County,WV,202507,1803.7,-0.0011,0.0417,"Washington-Arlington-Alexandria, DC-VA-MD-WV"
2757,Jefferson County,WV,202508,1803.93,0.0001,0.0363,"Washington-Arlington-Alexandria, DC-VA-MD-WV"
2757,Jefferson County,WV,202509,1806.43,0.0014,0.0119,"Washington-Arlington-Alexandria, DC-VA-MD-WV"
2757,Jefferson County,WV,202510,1818.17,0.0065,0.0133,"Washington-Arlington-Alexandria, DC-VA-MD-WV"
2757,Jefferson County,WV,202511,1844.46,0.0145,0.021,"Washington-Arlington-Alexandria, DC-VA-MD-WV"
2757,Jefferson County,WV,202512,1862.25,0.0096,0.0459,"Washington-Arlington-Alexandria, DC-VA-MD-WV"
2757,Jefferson County,WV,202601,1875.69,0.0072,0.0579,"Washington-Arlington-Alexandria, DC-VA-MD-WV"
2966,Monongalia County,WV,201607,1024.69,,,"Morgantown, WV"
2966,Monongalia County,WV,201608,1018.97,-0.0056,,"Morgantown, WV"
2966,Monongalia County,WV,201609,1030.45,0.0113,,"Morgantown, WV"
2966,Monongalia County,WV,201610,1026.26,-0.0041,,"Morgantown, WV"
2966,Monongalia County,WV,201611,1046.74,0.02,,"Morgantown, WV"
2966,Monongalia County,WV,201612,1064.8,0.0172,,"Morgantown, WV"
2966,Monongalia County,WV,201701,1086.86,0.0207,,"Morgantown, WV"
2966,Monongalia County,WV,201702,1095.57,0.008,,"Morgantown, WV"
2966,Monongalia County,WV,201703,1095.13,-0.0004,,"Morgantown, WV"
2966,Monongalia County,WV,201704,1084.95,-0.0093,,"Morgantown, WV"
2966,Monongalia County,WV,201705,1074.93,-0.0092,,"Morgantown, WV"
2966,Monongalia County,WV,201706,1067.29,-0.0071,,"Morgantown, WV"
2966,Monongalia County,WV,201707,1076.02,0.0082,0.0501,"Morgantown, WV"
2966,Monongalia County,WV,201708,1059.76,-0.0151,0.04,"Morgantown, WV"
2966,Monongalia County,WV,201709,1055.68,-0.0038,0.0245,"Morgantown, WV"
2966,Monongalia County,WV,201710,1049.26,-0.0061,0.0224,"Morgantown, WV"
2966,Monongalia County,WV,201711,1066.99,0.0169,0.0193,"Morgantown, WV"
2966,Monongalia County,WV,201712,1079.4,0.0116,0.0137,"Morgantown, WV"
2966,Monongalia County,WV,201801,1079.08,-0.0003,-0.0072,"Morgantown, WV"
2966,Monongalia County,WV,201802,1079.72,0.0006,-0.0145,"Morgantown, WV"
2966,Monongalia County,WV,201803,1079.35,-0.0003,-0.0144,"Morgantown, WV"
2966,Monongalia County,WV,201804,1080.85,0.0014,-0.0038,"Morgantown, WV"
2966,Monongalia County,WV,201805,1079.23,-0.0015,0.004,"Morgantown, WV"
2966,Monongalia County,WV,201806,1075.27,-0.0037,0.0075,"Morgantown, WV"
2966,Monongalia County,WV,201807,1074.9,-0.0003,-0.001,"Morgantown, WV"
2966,Monongalia County,WV,201808,1075.41,0.0005,0.0148,"Morgantown, WV"
2966,Monongalia County,WV,201809,1090.14,0.0137,0.0326,"Morgantown, WV"
2966,Monongalia County,WV,201810,1098.48,0.0077,0.0469,"Morgantown, WV"
2966,Monongalia County,WV,201811,1104.24,0.0052,0.0349,"Morgantown, WV"
2966,Monongalia County,WV,201812,1092.48,-0.0107,0.0121,"Morgantown, WV"
2966,Monongalia County,WV,201901,1076.79,-0.0144,-0.0021,"Morgantown, WV"
2966,Monongalia County,WV,201902,1078.51,0.0016,-0.0011,"Morgantown, WV"
2966,Monongalia County,WV,201903,1087.75,0.0086,0.0078,"Morgantown, WV"
2966,Monongalia County,WV,201904,1092.28,0.0042,0.0106,"Morgantown, WV"
2966,Monongalia County,WV,201905,1095.88,0.0033,0.0154,"Morgantown, WV"
2966,Monongalia County,WV,201906,1101.15,0.0048,0.0241,"Morgantown, WV"
2966,Monongalia County,WV,201907,1116.27,0.0137,0.0385,"Morgantown, WV"
2966,Monongalia County,WV,201908,1112.58,-0.0033,0.0346,"Morgantown, WV"
2966,Monongalia County,WV,201909,1108.42,-0.0037,0.0168,"Morgantown, WV"
2966,Monongalia County,WV,201910,1098.33,-0.0091,-0.0001,"Morgantown, WV"
2966,Monongalia County,WV,201911,1114.29,0.0145,0.0091,"Morgantown, WV"
2966,Monongalia County,WV,201912,1124.3,0.009,0.0291,"Morgantown, WV"
2966,Monongalia County,WV,202001,1136.0,0.0104,0.055,"Morgantown, WV"
2966,Monongalia County,WV,202002,1130.64,-0.0047,0.0483,"Morgantown, WV"
2966,Monongalia County,WV,202003,1121.96,-0.0077,0.0315,"Morgantown, WV"
2966,Monongalia County,WV,202004,1117.37,-0.0041,0.023,"Morgantown, WV"
2966,Monongalia County,WV,202005,1117.79,0.0004,0.02,"Morgantown, WV"
2966,Monongalia County,WV,202006,1127.73,0.0089,0.0241,"Morgantown, WV"
2966,Monongalia County,WV,202007,1144.44,0.0148,0.0252,"Morgantown, WV"
2966,Monongalia County,WV,202008,1137.61,-0.006,0.0225,"Morgantown, WV"
2966,Monongalia County,WV,202009,1135.5,-0.0019,0.0244,"Morgantown, WV"
2966,Monongalia County,WV,202010,1148.5,0.0114,0.0457,"Morgantown, WV"
2966,Monongalia County,WV,202011,1135.95,-0.0109,0.0194,"Morgantown, WV"
2966,Monongalia County,WV,202012,1158.19,0.0196,0.0301,"Morgantown, WV"
2966,Monongalia County,WV,202101,1160.74,0.0022,0.0218,"Morgantown, WV"
2966,Monongalia County,WV,202102,1192.59,0.0274,0.0548,"Morgantown, WV"
2966,Monongalia County,WV,202103,1183.32,-0.0078,0.0547,"Morgantown, WV"
2966,Monongalia County,WV,202104,1185.64,0.002,0.0611,"Morgantown, WV"
2966,Monongalia County,WV,202105,1200.98,0.0129,0.0744,"Morgantown, WV"
2966,Monongalia County,WV,202106,1209.0,0.0067,0.0721,"Morgantown, WV"
2966,Monongalia County,WV,202107,1195.24,-0.0114,0.0444,"Morgantown, WV"
2966,Monongalia County,WV,202108,1171.56,-0.0198,0.0298,"Morgantown, WV"
2966,Monongalia County,WV,202109,1174.76,0.0027,0.0346,"Morgantown, WV"
2966,Monongalia County,WV,202110,1200.56,0.022,0.0453,"Morgantown, WV"
2966,Monongalia County,WV,202111,1221.18,0.0172,0.075,"Morgantown, WV"
2966,Monongalia County,WV,202112,1224.96,0.0031,0.0577,"Morgantown, WV"
2966,Monongalia County,WV,202201,1240.15,0.0124,0.0684,"Morgantown, WV"
2966,Monongalia County,WV,202202,1247.98,0.0063,0.0464,"Morgantown, WV"
2966,Monongalia County,WV,202203,1254.62,0.0053,0.0602,"Morgantown, WV"
2966,Monongalia County,WV,202204,1245.68,-0.0071,0.0506,"Morgantown, WV"
2966,Monongalia County,WV,202205,1258.79,0.0105,0.0481,"Morgantown, WV"
2966,Monongalia County,WV,202206,1270.83,0.0096,0.0511,"Morgantown, WV"
2966,Monongalia County,WV,202207,1277.08,0.0049,0.0685,"Morgantown, WV"
2966,Monongalia County,WV,202208,1275.35,-0.0014,0.0886,"Morgantown, WV"
2966,Monongalia County,WV,202209,1292.71,0.0136,0.1004,"Morgantown, WV"
2966,Monongalia County,WV,202210,1305.76,0.0101,0.0876,"Morgantown, WV"
2966,Monongalia County,WV,202211,1314.2,0.0065,0.0762,"Morgantown, WV"
2966,Monongalia County,WV,202212,1311.33,-0.0022,0.0705,"Morgantown, WV"
2966,Monongalia County,WV,202301,1305.23,-0.0046,0.0525,"Morgantown, WV"
2966,Monongalia County,WV,202302,1318.49,0.0102,0.0565,"Morgantown, WV"
2966,Monongalia County,WV,202303,1301.15,-0.0131,0.0371,"Morgantown, WV"
2966,Monongalia County,WV,202304,1307.28,0.0047,0.0494,"Morgantown, WV"
2966,Monongalia County,WV,202305,1312.7,0.0041,0.0428,"Morgantown, WV"
2966,Monongalia County,WV,202306,1324.25,0.0088,0.042,"Morgantown, WV"
2966,Monongalia County,WV,202307,1327.55,0.0025,0.0395,"Morgantown, WV"
2966,Monongalia County,WV,202308,1327.19,-0.0003,0.0406,"Morgantown, WV"
2966,Monongalia County,WV,202309,1339.65,0.0094,0.0363,"Morgantown, WV"
2966,Monongalia County,WV,202310,1347.82,0.0061,0.0322,"Morgantown, WV"
2966,Monongalia County,WV,202311,1357.14,0.0069,0.0327,"Morgantown, WV"
2966,Monongalia County,WV,202312,1362.81,0.0042,0.0393,"Morgantown, WV"
2966,Monongalia County,WV,202401,1373.15,0.0076,0.052,"Morgantown, WV"
2966,Monongalia County,WV,202402,1358.16,-0.0109,0.0301,"Morgantown, WV"
2966,Monongalia County,WV,202403,1348.14,-0.0074,0.0361,"Morgantown, WV"
2966,Monongalia County,WV,202404,1341.17,-0.0052,0.0259,"Morgantown, WV"
2966,Monongalia County,WV,202405,1354.03,0.0096,0.0315,"Morgantown, WV"
2966,Monongalia County,WV,202406,1371.72,0.0131,0.0358,"Morgantown, WV"
2966,Monongalia County,WV,202407,1371.45,-0.0002,0.0331,"Morgantown, WV"
2966,Monongalia County,WV,202408,1384.49,0.0095,0.0432,"Morgantown, WV"
2966,Monongalia County,WV,202409,1383.56,-0.0007,0.0328,"Morgantown, WV"
2966,Monongalia County,WV,202410,1397.14,0.0098,0.0366,"Morgantown, WV"
2966,Monongalia County,WV,202411,1407.97,0.0078,0.0375,"Morgantown, WV"
2966,Monongalia County,WV,202412,1423.41,0.011,0.0445,"Morgantown, WV"
2966,Monongalia County,WV,202501,1428.51,0.0036,0.0403,"Morgantown, WV"
2966,Monongalia County,WV,202502,1410.13,-0.0129,0.0383,"Morgantown, WV"
2966,Monongalia County,WV,202503,1405.9,-0.003,0.0428,"Morgantown, WV"
2966,Monongalia County,WV,202504,1409.19,0.0023,0.0507,"Morgantown, WV"
2966,Monongalia County,WV,202505,1422.58,0.0095,0.0506,"Morgantown, WV"
2966,Monongalia County,WV,202506,1417.96,-0.0032,0.0337,"Morgantown, WV"
2966,Monongalia County,WV,202507,1415.76,-0.0016,0.0323,"Morgantown, WV"
2966,Monongalia County,WV,202508,1420.87,0.0036,0.0263,"Morgantown, WV"
2966,Monongalia County,WV,202509,1429.0,0.0057,0.0328,"Morgantown, WV"
2966,Monongalia County,WV,202510,1439.64,0.0074,0.0304,"Morgantown, WV"
2966,Monongalia County,WV,202511,1447.05,0.0051,0.0278,"Morgantown, WV"
2966,Monongalia County,WV,202512,1457.26,0.0071,0.0238,"Morgantown, WV"
2966,Monongalia County,WV,202601,1460.6,0.0023,0.0225,"Morgantown, WV"
